date,ticker,headline
2026-08-30,AAPL,Wall Street Brunch: Jobs And More AI Litmus Test Earnings
2026-08-30,AAPL,Wall Street Week Ahead
2026-08-29,AAPL,"Apple: CEO Changes, But Double Compounding Does Not"
2026-08-29,AAPL,Apple: Low Margin Guidance Doesn't Concern Me
2026-08-29,AAPL,Tim Cook’s final days as Apple CEO set the stage for John Ternus
2026-08-29,AAPL,Apple CEO Tim Cook clears the runway for his successor
2026-08-29,AAPL,PayPal deal talks collapse over price gap
2026-08-28,AAPL,What's going on in today's session: dow jones movers
2026-08-28,AAPL,Most active S&P500 stocks in Friday's session
2026-08-28,AAPL,Stay informed with the top movers within the dow jones index on Friday.
2026-08-28,AAPL,"Apple preps for CEO handoff, cuts jobs in AI and software"
2026-08-28,AAPL,John Ternus prepares to take over as CEO of Apple
2026-08-28,AAPL,"Apple's Mac Is 'Hostile' to AI Agents, Legendary Coder Warns: Could It Hurt Apple's AI Future?"
2026-08-28,AAPL,Apple hikes subscription prices for Apple TV and Apple One in the U.S.
2026-08-28,AAPL,Apple preps for CEO handoff
2026-08-28,AAPL,China's CXMT Revenue Explodes 874% in H1 as AI Memory Boom Fuels DRAM Shortage
2026-08-28,AAPL,"Apple Defies Steepest-Ever Smartphone Slump, iOS Share On Track For Record High: IDC"
2026-08-28,AAPL,"'I Don't Know John Ternus,' Jim Cramer Says — but He Trusts Tim Cook's Word on Apple's Next CEO"
2026-08-28,AAPL,Tim Cook's Apple handoff: Here's what to know
2026-08-28,AAPL,Apple and New Klarna Leasing Strategy - What's Going On?
2026-08-28,AAPL,"Understanding Apple's Position In Technology Hardware, Storage &amp; Peripherals Industry Compared To Competitors"
2026-08-28,AAPL,"Meta, Palantir, Paramount Skydance Hedge Trump Ties by Courting Democrats as Midterms Raise Prospect of House Flip: Report"
2026-08-28,AAPL,Pikachu Crashed Tim Cook's Last Apple Park Tour — Here's What the iPhone Maker and the Pokémon Team Talked About
2026-08-27,AAPL,Rivian Stock Slips After Hours as CFO Claire McDonough Steps Down After Nearly 6 Years
2026-08-27,AAPL,YouTube Faces Potential Lawsuit from FTC As Regulator Probes Whether It Broke Its Own Policies on Suspended Accounts: Report
2026-08-27,AAPL,Thursday's session: top gainers and losers in the dow jones index
2026-08-27,AAPL,Exploring the top movers within the dow jones index during today's session.
2026-08-27,AAPL,"CNBC TechCheck Evening Edition: August 27, 2026"
2026-08-27,AAPL,Nvidia At $1 Trillion In Annual Sales? Raymond James Says It’s Possible By 2029
2026-08-27,AAPL,Nvidia's Unusual Move Answers AI Trade’s Key Question; $40 Trillion US Debt Bomb Ticks; Key Fed Speech Awaited
